,PDB_chain,XGB,PDB,chain,pKi/pKd mean,pKi/pKd std
10,2F2U_A,7.660305962977839,2F2U,A,6.794695728715816,0.31320966859370314
12,2XP2_A,8.678695392015563,2XP2,A,8.530805676948463,0.4063196376295954
0,3C7Q_A,10.491905261015463,3C7Q,A,8.537602002101044,0.0
6,3WZD_A,10.913257985221124,3WZD,A,8.67778070526608,0.0
7,4MKC_A,10.685067958154663,4MKC,A,8.886056647693163,0.0
8,4MXO_A,10.060429606507538,4MXO,A,8.799313336224012,0.28381380169941084
5,5L2S_A,10.291429330460597,5L2S,A,8.04309307380814,0.043093073808141646
