Lin_F9,vina1,vina2,vina3,vina4,vina5,vina6,vina7,vina8,vina9,vina10,vina11,vina12,vina13,vina14,vina15,vina16,vina17,vina18,vina19,vina20,vina21,vina22,vina23,vina24,vina25,vina26,vina27,vina28,vina29,vina30,vina31,vina32,vina33,vina34,vina35,vina36,vina37,vina38,vina39,vina40,vina41,vina42,ligCover,betaScore,LE,P2.P,P2.N,P2.DA,P2.D,P2.A,P2.AR,P2.H,P2.PL,P2.HA,P2.SA,P2dl.P,P2dl.N,P2dl.DA,P2dl.D,P2dl.A,P2dl.AR,P2dl.H,P2dl.PL,P2dl.SA,P2dp.P,P2dp.N,P2dp.DA,P2dp.D,P2dp.A,P2dp.AR,P2dp.H,P2dp.PL,P2dp.SA,metal1,metal2,metal3,metal4,metal5,metal6,HeavyAtomMolWt,NumValenceElectrons,FpDensityMorgan1,FpDensityMorgan2,FpDensityMorgan3,LabuteASA,TPSA,NHOHCount,MolLogP,MolMR,Nbw,Epw,Elw
7.2967829672216995,2.655,28.803,64.373,126.65,209.32,261.18,12.65,1.6661,43.243,103.97,152.02,219.82,225.01,7.2093,1.3505,15.619,39.622,45.617,53.919,52.474,1.0426,0.80204,0.92681,0.77041,2.5824,3.0417,0.00021332,0.439,0.59851,3.9177,1.9197,3.4735,22.962,-69.124,0.0072535,0.011557,0.0,0.0,29.0,10.0,7.0,0.0,0.793,-8.9,0.2516132057662655,0.0,6.8429,0.0,0.0,140.39450000000002,236.7492,238.67270000000005,139.2622,0.0,761.9215000000002,0.0,0.0,0.0,0.0,41.7846,235.3307,83.2214,72.5042,432.84090000000003,0.0,6.8429,0.0,0.0,98.60990000000001,1.4185,155.45130000000003,66.75800000000001,329.0806,0.0,0.0,0.0,0.0,0.0,0.0,370.2590000000001,170.0,0.8620689655172413,1.5862068965517242,2.2758620689655173,176.48930943842225,73.01,3.0,1.8630000000000022,113.84310000000009,1.0,0.257,0.14
