vina39,ligCover,betaScore,Lin_F9,XGB,XGB_score,XGB_LE
29.0,0.7929999999999999,-8.9,7.2967829672216995,8.46519982494112,-11.541,-0.398
